Chagname	Sample	extract	indexedID	p7	p5	known	capturearray	arrayid	runID	lanes	nameonrun	libdate
ind1	SP4210	E4342	D5864	370	38	unknown	shotgun	none	160818_SN7001204_0542_BHWCVKBCXX_R_PEdi_D5788_D1097_D5886	lane2	D5864	8/16/2016
ind1	SP4210	E4342	D5864	370	38	unknown	shotgun	none	160906_M02279_0022_000000000-AUCAV_BN_D2869	lane1	D5864	8/31/2016
ind1	SP4210	E4342	D5864	370	38	nograph	nograph	nograph	161208_SN7001204_0563_AH3WJVBCXY_R_PEdi_D4262_D4264	lane1	D5864	nograph
ind1	SP4210	E4342	D5864	370	38	nograph	nograph	nograph	161208_SN7001204_0564_BH3WKLBCXY_R_PEdi_D4267_D4268	lane1	D5864	nograph
ind1	SP4210	E4342	D5864	370	38	run not found:unknown	shotgun	none	Run not found: node is D4232: description: ['12/6/2016', '']	not found	D5864	12/6/2016
ind1	SP4210	E4342	D5864	370	38	run not found:unknown	shotgun	none	Run not found: node is D4240: description: ['12/6/2016', '']	not found	D5864	12/6/2016
ind1	SP4210	E4342	F8851	363	34	unknown	shotgun	none	170906_D00829_0070_AHNVFNBCXY_R_PEdi_F8888_G1774	lane1	F8851	8/28/2017
ind1	SP4210	E4342	F8851	363	34	unknown	selection_compatibility_yoruba_san.fixtris_390K	AA87	171020_D00829_0083_AHWTHYBCXY_R_PEdi_F5903_F5897	lane1	F8851	12/10/2017
ind1	SP4210	E4342	F8851	363	34	unknown	HGPD_390K_supplement	AA116	171020_D00829_0084_BHWVGYBCXY_R_PEdi_F5904_G3070	lane1	F8851	12/10/2017
ind1	SP4210	E4342	F8851	363	34	unknown	HGPD_390K_supplement	AA116	171110_D00829_0090_AH2GCVBCX2_R_PEdi_F5903_F5904	lane2,lane1	F8851	12/10/2017
ind1	SP4210	E4342	F8851	363	34	unknown	selection_compatibility_yoruba_san.fixtris_390K	AA87	171110_D00829_0090_AH2GCVBCX2_R_PEdi_F5903_F5904	lane2,lane1	F8851	12/10/2017
ind1	SP4210	E4342	F8851	363	34	unknown	HGPD_390K_supplement	AA116	171110_D00829_0091_BH2M2TBCX2_R_PEdi_F5904	lane2,lane1	F8851	12/10/2017
ind1	SP4210	E4342	F8852	364	35	unknown	shotgun	none	170906_D00829_0070_AHNVFNBCXY_R_PEdi_F8888_G1774	lane1	F8852	8/28/2017
ind1	SP4210	E4342	F8852	364	35	unknown	selection_compatibility_yoruba_san.fixtris_390K	AA87	171020_D00829_0083_AHWTHYBCXY_R_PEdi_F5903_F5897	lane1	F8852	12/10/2017
ind1	SP4210	E4342	F8852	364	35	unknown	HGPD_390K_supplement	AA116	171020_D00829_0084_BHWVGYBCXY_R_PEdi_F5904_G3070	lane1	F8852	12/10/2017
ind1	SP4210	E4342	F8852	364	35	unknown	HGPD_390K_supplement	AA116	171110_D00829_0090_AH2GCVBCX2_R_PEdi_F5903_F5904	lane2,lane1	F8852	12/10/2017
ind1	SP4210	E4342	F8852	364	35	unknown	selection_compatibility_yoruba_san.fixtris_390K	AA87	171110_D00829_0090_AH2GCVBCX2_R_PEdi_F5903_F5904	lane2,lane1	F8852	12/10/2017
ind1	SP4210	E4342	F8852	364	35	unknown	HGPD_390K_supplement	AA116	171110_D00829_0091_BH2M2TBCX2_R_PEdi_F5904	lane2,lane1	F8852	12/10/2017
ind1	SP4210	E4342	F8852	364	35	unknown	selection_compatibility_yoruba_san.fixtris_390K	AA87	180503_D00829_0138_BCC49NANXX_PEdi_SN_EE_BN_MG	lane6	G5932	2/5/2018
ind1	SP4210	E4342	F8852	364	35	run not found:unknown	selection_compatibility_yoruba_san.fixtris_390K	AA87	Run not found: node is G6134: description: ['2/5/2018', 'G6134_1cyclePCR_seqpool']	not found	F8852	2/5/2018
ind1	SP4210	E4342	F8853	365	36	unknown	shotgun	none	170906_D00829_0070_AHNVFNBCXY_R_PEdi_F8888_G1774	lane1	F8853	8/28/2017
ind1	SP4210	E4342	F8853	365	36	unknown	selection_compatibility_yoruba_san.fixtris_390K	AA87	171020_D00829_0083_AHWTHYBCXY_R_PEdi_F5903_F5897	lane1	F8853	12/10/2017
ind1	SP4210	E4342	F8853	365	36	unknown	HGPD_390K_supplement	AA116	171020_D00829_0084_BHWVGYBCXY_R_PEdi_F5904_G3070	lane1	F8853	12/10/2017
ind1	SP4210	E4342	F8853	365	36	unknown	HGPD_390K_supplement	AA116	171110_D00829_0090_AH2GCVBCX2_R_PEdi_F5903_F5904	lane2,lane1	F8853	12/10/2017
ind1	SP4210	E4342	F8853	365	36	unknown	selection_compatibility_yoruba_san.fixtris_390K	AA87	171110_D00829_0090_AH2GCVBCX2_R_PEdi_F5903_F5904	lane2,lane1	F8853	12/10/2017
ind1	SP4210	E4342	F8853	365	36	unknown	HGPD_390K_supplement	AA116	171110_D00829_0091_BH2M2TBCX2_R_PEdi_F5904	lane2,lane1	F8853	12/10/2017
ind1	SP4210	E4342	F8853	365	36	unknown	selection_compatibility_yoruba_san.fixtris_390K	AA87	180503_D00829_0138_BCC49NANXX_PEdi_SN_EE_BN_MG	lane6	G5933	2/5/2018
ind1	SP4210	E4342	F8853	365	36	run not found:unknown	selection_compatibility_yoruba_san.fixtris_390K	AA87	Run not found: node is G6138: description: ['2/5/2018', 'G6138_1cyclePCR_seqpool']	not found	F8853	2/5/2018
ind1	SP4210	E5853	F7638	344	98	unknown	shotgun	none	170630_D00829_0053_BHJ2FTBCXY_R_PEdi_F7703_F7509	lane1	F7638	6/28/2017
ind1	SP4210	E5853	F7638	344	98	unknown	rCRs_mtDNA	AA163	170822_M02279_0141_000000000-BB4NL_BN_F5105	lane1	F5056	8/14/2017
ind1	SP4210	E5853	F7638	344	98	unknown	selection_compatibility_yoruba_san.fixtris_390K	AA87	171020_D00829_0083_AHWTHYBCXY_R_PEdi_F5903_F5897	lane1	F7638	12/10/2017
ind1	SP4210	E5853	F7638	344	98	unknown	HGPD_390K_supplement	AA116	171020_D00829_0084_BHWVGYBCXY_R_PEdi_F5904_G3070	lane1	F7638	12/10/2017
ind1	SP4210	E5853	F7638	344	98	unknown	HGPD_390K_supplement	AA116	171110_D00829_0090_AH2GCVBCX2_R_PEdi_F5903_F5904	lane2,lane1	F7638	12/10/2017
ind1	SP4210	E5853	F7638	344	98	unknown	selection_compatibility_yoruba_san.fixtris_390K	AA87	171110_D00829_0090_AH2GCVBCX2_R_PEdi_F5903_F5904	lane2,lane1	F7638	12/10/2017
ind1	SP4210	E5853	F7638	344	98	unknown	HGPD_390K_supplement	AA116	171110_D00829_0091_BH2M2TBCX2_R_PEdi_F5904	lane2,lane1	F7638	12/10/2017
ind1	SP4210	E5854	F7639	345	99	unknown	shotgun	none	170630_D00829_0053_BHJ2FTBCXY_R_PEdi_F7703_F7509	lane1	F7639	6/28/2017
ind1	SP4210	E5854	F7639	345	99	unknown	rCRs_mtDNA	AA163	170822_M02279_0141_000000000-BB4NL_BN_F5105	lane1	F5057	8/14/2017
ind1	SP4210	E5854	F7639	345	99	unknown	selection_compatibility_yoruba_san.fixtris_390K	AA87	171020_D00829_0083_AHWTHYBCXY_R_PEdi_F5903_F5897	lane1	F7639	12/10/2017
ind1	SP4210	E5854	F7639	345	99	unknown	HGPD_390K_supplement	AA116	171020_D00829_0084_BHWVGYBCXY_R_PEdi_F5904_G3070	lane1	F7639	12/10/2017
ind1	SP4210	E5854	F7639	345	99	unknown	HGPD_390K_supplement	AA116	171110_D00829_0090_AH2GCVBCX2_R_PEdi_F5903_F5904	lane2,lane1	F7639	12/10/2017
ind1	SP4210	E5854	F7639	345	99	unknown	selection_compatibility_yoruba_san.fixtris_390K	AA87	171110_D00829_0090_AH2GCVBCX2_R_PEdi_F5903_F5904	lane2,lane1	F7639	12/10/2017
ind1	SP4210	E5854	F7639	345	99	unknown	HGPD_390K_supplement	AA116	171110_D00829_0091_BH2M2TBCX2_R_PEdi_F5904	lane2,lane1	F7639	12/10/2017
ind1	SP4210	E5855	F7640	346	100	unknown	shotgun	none	170630_D00829_0053_BHJ2FTBCXY_R_PEdi_F7703_F7509	lane1	F7640	6/28/2017
ind1	SP4210	E5855	F7640	346	100	unknown	rCRs_mtDNA	AA163	170822_M02279_0141_000000000-BB4NL_BN_F5105	lane1	F5058	8/14/2017
ind1	SP4210	E5855	F7640	346	100	unknown	selection_compatibility_yoruba_san.fixtris_390K	AA87	171020_D00829_0083_AHWTHYBCXY_R_PEdi_F5903_F5897	lane1	F7640	12/10/2017
ind1	SP4210	E5855	F7640	346	100	unknown	HGPD_390K_supplement	AA116	171020_D00829_0084_BHWVGYBCXY_R_PEdi_F5904_G3070	lane1	F7640	12/10/2017
ind1	SP4210	E5855	F7640	346	100	unknown	HGPD_390K_supplement	AA116	171110_D00829_0090_AH2GCVBCX2_R_PEdi_F5903_F5904	lane2,lane1	F7640	12/10/2017
ind1	SP4210	E5855	F7640	346	100	unknown	selection_compatibility_yoruba_san.fixtris_390K	AA87	171110_D00829_0090_AH2GCVBCX2_R_PEdi_F5903_F5904	lane2,lane1	F7640	12/10/2017
ind1	SP4210	E5855	F7640	346	100	unknown	HGPD_390K_supplement	AA116	171110_D00829_0091_BH2M2TBCX2_R_PEdi_F5904	lane2,lane1	F7640	12/10/2017
ind1	SP4210	E5855	F8854	366	37	unknown	shotgun	none	170906_D00829_0070_AHNVFNBCXY_R_PEdi_F8888_G1774	lane1	F8854	8/28/2017
ind1	SP4210	E5855	F8854	366	37	unknown	selection_compatibility_yoruba_san.fixtris_390K	AA87	171020_D00829_0083_AHWTHYBCXY_R_PEdi_F5903_F5897	lane1	F8854	12/10/2017
ind1	SP4210	E5855	F8854	366	37	unknown	HGPD_390K_supplement	AA116	171020_D00829_0084_BHWVGYBCXY_R_PEdi_F5904_G3070	lane1	F8854	12/10/2017
ind1	SP4210	E5855	F8854	366	37	unknown	HGPD_390K_supplement	AA116	171110_D00829_0090_AH2GCVBCX2_R_PEdi_F5903_F5904	lane2,lane1	F8854	12/10/2017
ind1	SP4210	E5855	F8854	366	37	unknown	selection_compatibility_yoruba_san.fixtris_390K	AA87	171110_D00829_0090_AH2GCVBCX2_R_PEdi_F5903_F5904	lane2,lane1	F8854	12/10/2017
ind1	SP4210	E5855	F8854	366	37	unknown	HGPD_390K_supplement	AA116	171110_D00829_0091_BH2M2TBCX2_R_PEdi_F5904	lane2,lane1	F8854	12/10/2017
ind1	SP4210	E5855	F8855	367	38	unknown	shotgun	none	170906_D00829_0070_AHNVFNBCXY_R_PEdi_F8888_G1774	lane1	F8855	8/28/2017
ind1	SP4210	E5855	F8855	367	38	unknown	selection_compatibility_yoruba_san.fixtris_390K	AA87	171020_D00829_0083_AHWTHYBCXY_R_PEdi_F5903_F5897	lane1	F8855	12/10/2017
ind1	SP4210	E5855	F8855	367	38	nograph	nograph	nograph	171020_D00829_0084_BHWVGYBCXY_R_PEdi_F5904_G3070	lane1	F8855	nograph
ind1	SP4210	E5855	F8855	367	38	unknown	selection_compatibility_yoruba_san.fixtris_390K	AA87	171110_D00829_0090_AH2GCVBCX2_R_PEdi_F5903_F5904	lane2,lane1	F8855	12/10/2017
ind1	SP4210	E5855	F8855	367	38	nograph	nograph	nograph	171110_D00829_0091_BH2M2TBCX2_R_PEdi_F5904	lane2,lane1	F8855	nograph
ind1	SP4210	E5855	F8855	367	38	run not found:unknown	HGPD_390K_supplement	AA116	Run not found: node is F5885: description: ['10/10/2017', 'after 2nd_capture_ss AA116-119_IS5/IS6']	not found	F8855	10/10/2017
ind1	SP4210	E5855	F8855	367	38	run not found:unknown	HGPD_390K_supplement,shotgun	AA116,AA1167	Run not found: node is F6072: description: ['13/10/2017', 'after 2nd_capture_ss AA1167-119_IS5/IS6']	not found	F8855	13/10/2017
ind1	SP4210	E5855	F8856	368	39	unknown	shotgun	none	170906_D00829_0070_AHNVFNBCXY_R_PEdi_F8888_G1774	lane1	F8856	8/28/2017
ind1	SP4210	E5855	F8856	368	39	unknown	selection_compatibility_yoruba_san.fixtris_390K	AA87	171020_D00829_0083_AHWTHYBCXY_R_PEdi_F5903_F5897	lane1	F8856	12/10/2017
ind1	SP4210	E5855	F8856	368	39	unknown	HGPD_390K_supplement	AA116	171020_D00829_0084_BHWVGYBCXY_R_PEdi_F5904_G3070	lane1	F8856	12/10/2017
ind1	SP4210	E5855	F8856	368	39	unknown	HGPD_390K_supplement	AA116	171110_D00829_0090_AH2GCVBCX2_R_PEdi_F5903_F5904	lane2,lane1	F8856	12/10/2017
ind1	SP4210	E5855	F8856	368	39	unknown	selection_compatibility_yoruba_san.fixtris_390K	AA87	171110_D00829_0090_AH2GCVBCX2_R_PEdi_F5903_F5904	lane2,lane1	F8856	12/10/2017
ind1	SP4210	E5855	F8856	368	39	unknown	HGPD_390K_supplement	AA116	171110_D00829_0091_BH2M2TBCX2_R_PEdi_F5904	lane2,lane1	F8856	12/10/2017
ind1	SP4210	E5856	F7641	347	101	unknown	shotgun	none	170630_D00829_0053_BHJ2FTBCXY_R_PEdi_F7703_F7509	lane1	F7641	6/28/2017
ind1	SP4210	E5856	F7641	347	101	unknown	rCRs_mtDNA	AA163	170822_M02279_0141_000000000-BB4NL_BN_F5105	lane1	F5059	8/14/2017
ind1	SP4210	E5856	F7641	347	101	unknown	selection_compatibility_yoruba_san.fixtris_390K	AA87	171020_D00829_0083_AHWTHYBCXY_R_PEdi_F5903_F5897	lane1	F7641	12/10/2017
ind1	SP4210	E5856	F7641	347	101	unknown	HGPD_390K_supplement	AA116	171020_D00829_0084_BHWVGYBCXY_R_PEdi_F5904_G3070	lane1	F7641	12/10/2017
ind1	SP4210	E5856	F7641	347	101	unknown	HGPD_390K_supplement	AA116	171110_D00829_0090_AH2GCVBCX2_R_PEdi_F5903_F5904	lane2,lane1	F7641	12/10/2017
ind1	SP4210	E5856	F7641	347	101	unknown	selection_compatibility_yoruba_san.fixtris_390K	AA87	171110_D00829_0090_AH2GCVBCX2_R_PEdi_F5903_F5904	lane2,lane1	F7641	12/10/2017
ind1	SP4210	E5856	F7641	347	101	unknown	HGPD_390K_supplement	AA116	171110_D00829_0091_BH2M2TBCX2_R_PEdi_F5904	lane2,lane1	F7641	12/10/2017
ind1	SP4210	E5856	F8857	369	40	unknown	shotgun	none	170906_D00829_0070_AHNVFNBCXY_R_PEdi_F8888_G1774	lane1	F8857	8/28/2017
ind1	SP4210	E5856	F8857	369	40	unknown	selection_compatibility_yoruba_san.fixtris_390K	AA87	171020_D00829_0083_AHWTHYBCXY_R_PEdi_F5903_F5897	lane1	F8857	12/10/2017
ind1	SP4210	E5856	F8857	369	40	nograph	nograph	nograph	171020_D00829_0084_BHWVGYBCXY_R_PEdi_F5904_G3070	lane1	F8857	nograph
ind1	SP4210	E5856	F8857	369	40	unknown	selection_compatibility_yoruba_san.fixtris_390K	AA87	171110_D00829_0090_AH2GCVBCX2_R_PEdi_F5903_F5904	lane2,lane1	F8857	12/10/2017
ind1	SP4210	E5856	F8857	369	40	nograph	nograph	nograph	171110_D00829_0091_BH2M2TBCX2_R_PEdi_F5904	lane2,lane1	F8857	nograph
ind1	SP4210	E5856	F8857	369	40	run not found:unknown	HGPD_390K_supplement	AA116	Run not found: node is F5887: description: ['10/10/2017', 'after 2nd_capture_ss AA116-119_IS5/IS6']	not found	F8857	10/10/2017
ind1	SP4210	E5856	F8858	370	41	unknown	shotgun	none	170906_D00829_0070_AHNVFNBCXY_R_PEdi_F8888_G1774	lane1	F8858	8/28/2017
ind1	SP4210	E5856	F8858	370	41	unknown	selection_compatibility_yoruba_san.fixtris_390K	AA87	171020_D00829_0083_AHWTHYBCXY_R_PEdi_F5903_F5897	lane1	F8858	12/10/2017
ind1	SP4210	E5856	F8858	370	41	nograph	nograph	nograph	171020_D00829_0084_BHWVGYBCXY_R_PEdi_F5904_G3070	lane1	F8858	nograph
ind1	SP4210	E5856	F8858	370	41	unknown	selection_compatibility_yoruba_san.fixtris_390K	AA87	171110_D00829_0090_AH2GCVBCX2_R_PEdi_F5903_F5904	lane2,lane1	F8858	12/10/2017
ind1	SP4210	E5856	F8858	370	41	nograph	nograph	nograph	171110_D00829_0091_BH2M2TBCX2_R_PEdi_F5904	lane2,lane1	F8858	nograph
ind1	SP4210	E5856	F8858	370	41	run not found:unknown	HGPD_390K_supplement	AA116	Run not found: node is F5888: description: ['10/10/2017', 'after 2nd_capture_ss AA116-119_IS5/IS6']	not found	F8858	10/10/2017
ind1	SP4210	E5856	F8861	373	44	unknown	shotgun	none	170906_D00829_0070_AHNVFNBCXY_R_PEdi_F8888_G1774	lane1	F8861	8/28/2017
ind1	SP4210	E5856	F8861	373	44	unknown	selection_compatibility_yoruba_san.fixtris_390K	AA87	171020_D00829_0083_AHWTHYBCXY_R_PEdi_F5903_F5897	lane1	F8861	12/10/2017
ind1	SP4210	E5856	F8861	373	44	nograph	nograph	nograph	171020_D00829_0084_BHWVGYBCXY_R_PEdi_F5904_G3070	lane1	F8861	nograph
ind1	SP4210	E5856	F8861	373	44	unknown	selection_compatibility_yoruba_san.fixtris_390K	AA87	171110_D00829_0090_AH2GCVBCX2_R_PEdi_F5903_F5904	lane2,lane1	F8861	12/10/2017
ind1	SP4210	E5856	F8861	373	44	nograph	nograph	nograph	171110_D00829_0091_BH2M2TBCX2_R_PEdi_F5904	lane2,lane1	F8861	nograph
ind1	SP4210	E5856	F8861	373	44	run not found:unknown	HGPD_390K_supplement	AA116	Run not found: node is F5890: description: ['10/10/2017', 'after 2nd_capture_ss AA116-119_IS5/IS6']	not found	F8861	10/10/2017

ind2	SP4211	E4343	D5865	371	39	unknown	shotgun	none	160818_SN7001204_0542_BHWCVKBCXX_R_PEdi_D5788_D1097_D5886	lane2	D5865	8/16/2016
ind2	SP4211	E4343	D5865	371	39	unknown	shotgun	none	160906_M02279_0022_000000000-AUCAV_BN_D2869	lane1	D5865	8/31/2016
ind2	SP4211	E4343	D5865	371	39	nograph	nograph	nograph	161208_SN7001204_0563_AH3WJVBCXY_R_PEdi_D4262_D4264	lane1	D5865	nograph
ind2	SP4211	E4343	D5865	371	39	nograph	nograph	nograph	161208_SN7001204_0564_BH3WKLBCXY_R_PEdi_D4267_D4268	lane1	D5865	nograph
ind2	SP4211	E4343	D5865	371	39	run not found:unknown	shotgun	none	Run not found: node is D4233: description: ['12/6/2016', '']	not found	D5865	12/6/2016
ind2	SP4211	E4343	D5865	371	39	run not found:unknown	shotgun	none	Run not found: node is P444: description: ['old', 'pool for sequencing']	not found	D5865	old
ind2	SP4211	E4343	F8862	374	45	unknown	shotgun	none	170906_D00829_0070_AHNVFNBCXY_R_PEdi_F8888_G1774	lane1	F8862	8/28/2017
ind2	SP4211	E4343	F8862	374	45	unknown	selection_compatibility_yoruba_san.fixtris_390K	AA87	171020_D00829_0083_AHWTHYBCXY_R_PEdi_F5903_F5897	lane1	F8862	12/10/2017
ind2	SP4211	E4343	F8862	374	45	nograph	nograph	nograph	171020_D00829_0084_BHWVGYBCXY_R_PEdi_F5904_G3070	lane1	F8862	nograph
ind2	SP4211	E4343	F8862	374	45	unknown	selection_compatibility_yoruba_san.fixtris_390K	AA87	171110_D00829_0090_AH2GCVBCX2_R_PEdi_F5903_F5904	lane2,lane1	F8862	12/10/2017
ind2	SP4211	E4343	F8862	374	45	nograph	nograph	nograph	171110_D00829_0091_BH2M2TBCX2_R_PEdi_F5904	lane2,lane1	F8862	nograph
ind2	SP4211	E4343	F8862	374	45	run not found:unknown	HGPD_390K_supplement	AA116	Run not found: node is F5891: description: ['10/10/2017', 'after 2nd_capture_ss AA116-119_IS5/IS6']	not found	F8862	10/10/2017
ind2	SP4211	E4343	F8863	375	46	unknown	shotgun	none	170906_D00829_0070_AHNVFNBCXY_R_PEdi_F8888_G1774	lane1	F8863	8/28/2017
ind2	SP4211	E4343	F8863	375	46	unknown	selection_compatibility_yoruba_san.fixtris_390K	AA87	171020_D00829_0083_AHWTHYBCXY_R_PEdi_F5903_F5897	lane1	F8863	12/10/2017
ind2	SP4211	E4343	F8863	375	46	nograph	nograph	nograph	171020_D00829_0084_BHWVGYBCXY_R_PEdi_F5904_G3070	lane1	F8863	nograph
ind2	SP4211	E4343	F8863	375	46	unknown	selection_compatibility_yoruba_san.fixtris_390K	AA87	171110_D00829_0090_AH2GCVBCX2_R_PEdi_F5903_F5904	lane2,lane1	F8863	12/10/2017
ind2	SP4211	E4343	F8863	375	46	nograph	nograph	nograph	171110_D00829_0091_BH2M2TBCX2_R_PEdi_F5904	lane2,lane1	F8863	nograph
ind2	SP4211	E4343	F8863	375	46	run not found:unknown	HGPD_390K_supplement	AA116	Run not found: node is F5892: description: ['10/10/2017', 'after 2nd_capture_ss AA116-119_IS5/IS6']	not found	F8863	10/10/2017
ind2	SP4211	E4343	F8864	376	47	unknown	shotgun	none	170906_D00829_0070_AHNVFNBCXY_R_PEdi_F8888_G1774	lane1	F8864	8/28/2017
ind2	SP4211	E4343	F8864	376	47	unknown	selection_compatibility_yoruba_san.fixtris_390K	AA87	171020_D00829_0083_AHWTHYBCXY_R_PEdi_F5903_F5897	lane1	F8864	12/10/2017
ind2	SP4211	E4343	F8864	376	47	nograph	nograph	nograph	171020_D00829_0084_BHWVGYBCXY_R_PEdi_F5904_G3070	lane1	F8864	nograph
ind2	SP4211	E4343	F8864	376	47	unknown	selection_compatibility_yoruba_san.fixtris_390K	AA87	171110_D00829_0090_AH2GCVBCX2_R_PEdi_F5903_F5904	lane2,lane1	F8864	12/10/2017
ind2	SP4211	E4343	F8864	376	47	nograph	nograph	nograph	171110_D00829_0091_BH2M2TBCX2_R_PEdi_F5904	lane2,lane1	F8864	nograph
ind2	SP4211	E4343	F8864	376	47	run not found:unknown	HGPD_390K_supplement	AA116	Run not found: node is F5893: description: ['10/10/2017', 'after 2nd_capture_ss AA116-119_IS5/IS6']	not found	F8864	10/10/2017
ind2	SP4211	E5857	F7642	348	102	unknown	shotgun	none	170630_D00829_0053_BHJ2FTBCXY_R_PEdi_F7703_F7509	lane1	F7642	6/28/2017
ind2	SP4211	E5857	F7642	348	102	unknown	rCRs_mtDNA	AA163	170822_M02279_0141_000000000-BB4NL_BN_F5105	lane1	F5060	8/14/2017
ind2	SP4211	E5857	F7642	348	102	unknown	selection_compatibility_yoruba_san.fixtris_390K	AA87	171020_D00829_0083_AHWTHYBCXY_R_PEdi_F5903_F5897	lane1	F7642	12/10/2017
ind2	SP4211	E5857	F7642	348	102	unknown	HGPD_390K_supplement	AA116	171020_D00829_0084_BHWVGYBCXY_R_PEdi_F5904_G3070	lane1	F7642	12/10/2017
ind2	SP4211	E5857	F7642	348	102	unknown	HGPD_390K_supplement	AA116	171110_D00829_0090_AH2GCVBCX2_R_PEdi_F5903_F5904	lane2,lane1	F7642	12/10/2017
ind2	SP4211	E5857	F7642	348	102	unknown	selection_compatibility_yoruba_san.fixtris_390K	AA87	171110_D00829_0090_AH2GCVBCX2_R_PEdi_F5903_F5904	lane2,lane1	F7642	12/10/2017
ind2	SP4211	E5857	F7642	348	102	unknown	HGPD_390K_supplement	AA116	171110_D00829_0091_BH2M2TBCX2_R_PEdi_F5904	lane2,lane1	F7642	12/10/2017
ind2	SP4211	E5858	F7643	349	103	unknown	shotgun	none	170630_D00829_0053_BHJ2FTBCXY_R_PEdi_F7703_F7509	lane1	F7643	6/28/2017
ind2	SP4211	E5858	F7643	349	103	unknown	rCRs_mtDNA	AA163	170822_M02279_0141_000000000-BB4NL_BN_F5105	lane1	F5061	8/14/2017
ind2	SP4211	E5858	F7643	349	103	unknown	selection_compatibility_yoruba_san.fixtris_390K	AA87	171020_D00829_0083_AHWTHYBCXY_R_PEdi_F5903_F5897	lane1	F7643	12/10/2017
ind2	SP4211	E5858	F7643	349	103	unknown	HGPD_390K_supplement	AA116	171020_D00829_0084_BHWVGYBCXY_R_PEdi_F5904_G3070	lane1	F7643	12/10/2017
ind2	SP4211	E5858	F7643	349	103	unknown	HGPD_390K_supplement	AA116	171110_D00829_0090_AH2GCVBCX2_R_PEdi_F5903_F5904	lane2,lane1	F7643	12/10/2017
ind2	SP4211	E5858	F7643	349	103	unknown	selection_compatibility_yoruba_san.fixtris_390K	AA87	171110_D00829_0090_AH2GCVBCX2_R_PEdi_F5903_F5904	lane2,lane1	F7643	12/10/2017
ind2	SP4211	E5858	F7643	349	103	unknown	HGPD_390K_supplement	AA116	171110_D00829_0091_BH2M2TBCX2_R_PEdi_F5904	lane2,lane1	F7643	12/10/2017
ind2	SP4211	E5859	F7644	350	104	unknown	shotgun	none	170630_D00829_0053_BHJ2FTBCXY_R_PEdi_F7703_F7509	lane1	F7644	6/28/2017
ind2	SP4211	E5859	F7644	350	104	unknown	rCRs_mtDNA	AA163	170822_M02279_0141_000000000-BB4NL_BN_F5105	lane1	F5062	8/14/2017
ind2	SP4211	E5859	F7644	350	104	unknown	selection_compatibility_yoruba_san.fixtris_390K	AA87	171020_D00829_0083_AHWTHYBCXY_R_PEdi_F5903_F5897	lane1	F7644	12/10/2017
ind2	SP4211	E5859	F7644	350	104	unknown	HGPD_390K_supplement	AA116	171020_D00829_0084_BHWVGYBCXY_R_PEdi_F5904_G3070	lane1	F7644	12/10/2017
ind2	SP4211	E5859	F7644	350	104	unknown	HGPD_390K_supplement	AA116	171110_D00829_0090_AH2GCVBCX2_R_PEdi_F5903_F5904	lane2,lane1	F7644	12/10/2017
ind2	SP4211	E5859	F7644	350	104	unknown	selection_compatibility_yoruba_san.fixtris_390K	AA87	171110_D00829_0090_AH2GCVBCX2_R_PEdi_F5903_F5904	lane2,lane1	F7644	12/10/2017
ind2	SP4211	E5859	F7644	350	104	unknown	HGPD_390K_supplement	AA116	171110_D00829_0091_BH2M2TBCX2_R_PEdi_F5904	lane2,lane1	F7644	12/10/2017
ind2	SP4211	E5859	F8865	377	48	unknown	shotgun	none	170906_D00829_0070_AHNVFNBCXY_R_PEdi_F8888_G1774	lane1	F8865	8/28/2017
ind2	SP4211	E5859	F8865	377	48	unknown	selection_compatibility_yoruba_san.fixtris_390K	AA87	171020_D00829_0083_AHWTHYBCXY_R_PEdi_F5903_F5897	lane1	F8865	12/10/2017
ind2	SP4211	E5859	F8865	377	48	nograph	nograph	nograph	171020_D00829_0084_BHWVGYBCXY_R_PEdi_F5904_G3070	lane1	F8865	nograph
ind2	SP4211	E5859	F8865	377	48	unknown	selection_compatibility_yoruba_san.fixtris_390K	AA87	171110_D00829_0090_AH2GCVBCX2_R_PEdi_F5903_F5904	lane2,lane1	F8865	12/10/2017
ind2	SP4211	E5859	F8865	377	48	nograph	nograph	nograph	171110_D00829_0091_BH2M2TBCX2_R_PEdi_F5904	lane2,lane1	F8865	nograph
ind2	SP4211	E5859	F8865	377	48	run not found:unknown	HGPD_390K_supplement	AA116	Run not found: node is F5894: description: ['10/10/2017', 'after 2nd_capture_ss AA116-119_IS5/IS6']	not found	F8865	10/10/2017
ind2	SP4211	E5859	F8866	378	49	unknown	shotgun	none	170906_D00829_0070_AHNVFNBCXY_R_PEdi_F8888_G1774	lane1	F8866	8/28/2017
ind2	SP4211	E5859	F8866	378	49	unknown	selection_compatibility_yoruba_san.fixtris_390K	AA87	171020_D00829_0083_AHWTHYBCXY_R_PEdi_F5903_F5897	lane1	F8866	12/10/2017
ind2	SP4211	E5859	F8866	378	49	nograph	nograph	nograph	171020_D00829_0084_BHWVGYBCXY_R_PEdi_F5904_G3070	lane1	F8866	nograph
ind2	SP4211	E5859	F8866	378	49	unknown	selection_compatibility_yoruba_san.fixtris_390K	AA87	171110_D00829_0090_AH2GCVBCX2_R_PEdi_F5903_F5904	lane2,lane1	F8866	12/10/2017
ind2	SP4211	E5859	F8866	378	49	nograph	nograph	nograph	171110_D00829_0091_BH2M2TBCX2_R_PEdi_F5904	lane2,lane1	F8866	nograph
ind2	SP4211	E5859	F8866	378	49	run not found:unknown	HGPD_390K_supplement	AA116	Run not found: node is F5895: description: ['10/10/2017', 'after 2nd_capture_ss AA116-119_IS5/IS6']	not found	F8866	10/10/2017
ind2	SP4211	E5859	F8867	379	50	unknown	shotgun	none	170906_D00829_0070_AHNVFNBCXY_R_PEdi_F8888_G1774	lane1	F8867	8/28/2017
ind2	SP4211	E5859	F8867	379	50	unknown	selection_compatibility_yoruba_san.fixtris_390K	AA87	171020_D00829_0083_AHWTHYBCXY_R_PEdi_F5903_F5897	lane1	F8867	12/10/2017
ind2	SP4211	E5859	F8867	379	50	nograph	nograph	nograph	171020_D00829_0084_BHWVGYBCXY_R_PEdi_F5904_G3070	lane1	F8867	nograph
ind2	SP4211	E5859	F8867	379	50	unknown	selection_compatibility_yoruba_san.fixtris_390K	AA87	171110_D00829_0090_AH2GCVBCX2_R_PEdi_F5903_F5904	lane2,lane1	F8867	12/10/2017
ind2	SP4211	E5859	F8867	379	50	nograph	nograph	nograph	171110_D00829_0091_BH2M2TBCX2_R_PEdi_F5904	lane2,lane1	F8867	nograph
ind2	SP4211	E5859	F8867	379	50	run not found:unknown	HGPD_390K_supplement	AA116	Run not found: node is F5896: description: ['10/10/2017', 'after 2nd_capture_ss AA116-119_IS5/IS6']	not found	F8867	10/10/2017
ind2	SP4211	E5860	F7645	351	105	unknown	shotgun	none	170630_D00829_0053_BHJ2FTBCXY_R_PEdi_F7703_F7509	lane1	F7645	6/28/2017
ind2	SP4211	E5860	F7645	351	105	unknown	rCRs_mtDNA	AA163	170822_M02279_0141_000000000-BB4NL_BN_F5105	lane1	F5063	8/14/2017
ind2	SP4211	E5860	F7645	351	105	unknown	selection_compatibility_yoruba_san.fixtris_390K	AA87	171020_D00829_0083_AHWTHYBCXY_R_PEdi_F5903_F5897	lane1	F7645	12/10/2017
ind2	SP4211	E5860	F7645	351	105	nograph	nograph	nograph	171020_D00829_0084_BHWVGYBCXY_R_PEdi_F5904_G3070	lane1	F7645	nograph
ind2	SP4211	E5860	F7645	351	105	unknown	selection_compatibility_yoruba_san.fixtris_390K	AA87	171110_D00829_0090_AH2GCVBCX2_R_PEdi_F5903_F5904	lane2,lane1	F7645	12/10/2017
ind2	SP4211	E5860	F7645	351	105	nograph	nograph	nograph	171110_D00829_0091_BH2M2TBCX2_R_PEdi_F5904	lane2,lane1	F7645	nograph
ind2	SP4211	E5860	F7645	351	105	run not found:unknown	HGPD_390K_supplement	AA116	Run not found: node is F5772: description: ['5/10/2017', 'after 1st_capture_ss AA116-119_IS5/IS6']	not found	F7645	5/10/2017

